name,gender,usage,category
Abaddon,,f,mistral
Abatur,,f,mistral
Abdiel,,f,mistral
Achaiah,,f,mistral
Adam,,f,mistral
Adathan,,f,mistral
Adriel,,f,mistral
Advachiel,,f,mistral
Af,,f,mistral
Agiel,,f,mistral
Aker,,f,mistral
Aladiah,,f,mistral
Ambriel,,f,mistral
Ananiel,,f,mistral
Anauel,,f,mistral
Aniel,,f,mistral
Anush,,f,mistral
Arael,,f,mistral
Arakiel,,f,mistral
Arariel,,f,mistral
Ariel,,f,mistral
Armaros,,f,mistral
Armisael,,f,mistral
Arphugitonos,,f,mistral
Artiyail,,f,mistral
Asaliah,,f,mistral
Asbeel,,f,mistral
Asmodel,,f,mistral
Azazel,,f,mistral
Barachiel,,f,mistral
Baraqiel,,f,mistral
Barbiel,,f,mistral
Bardiel,,f,mistral
Beburos,,f,mistral
Bezaliel,,f,mistral
Cahethel,,f,mistral
Caliel,,f,mistral
Cambiel,,f,mistral
Cassiel,,f,mistral
Chamuel,,f,mistral
Chauakiah,,f,mistral
Chazaqiel,,f,mistral
Dadrail,,f,mistral
Damabiah,,f,mistral
Daniel,,f,mistral
Daveithai,,f,mistral
Dobiel,,f,mistral
Dumah,,f,mistral
Eiael,,f,mistral
Eleleth,,f,mistral
Elemiah,,f,mistral
Exael,,f,mistral
Gabriel,,f,mistral
Gabuthelon,,f,mistral
Gadreel,,f,mistral
Gaghiel,,f,mistral
Gamaliel,,f,mistral
Garshanel,,f,mistral
Gubran,,f,mistral
Haaiah,,f,mistral
Haamiah,,f,mistral
Habuhiah,,f,mistral
Hadraniel,,f,mistral
Hahahel,,f,mistral
Hahaiah,,f,mistral
Hahasiah,,f,mistral
Hahuiah,,f,mistral
Haiaiel,,f,mistral
Hakamiah,,f,mistral
Hamaliel,,f,mistral
Hanibal,,f,mistral
Haniel,,f,mistral
Harahel,,f,mistral
Hariel,,f,mistral
Harmozel,,f,mistral
Harut,,f,mistral
Haziel,,f,mistral
Hofniel,,f,mistral
Hutriel,,f,mistral
Iabamiah,,f,mistral
Iahhel,,f,mistral
Iehahel,,f,mistral
Iehuiah,,f,mistral
Ieiaiel,,f,mistral
Ieiazel,,f,mistral
Ielahiah,,f,mistral
Ieliel,,f,mistral
Ierathel,,f,mistral
Iezalel,,f,mistral
Imamiah,,f,mistral
Ireul,,f,mistral
Israfel,,f,mistral
Israfil,,f,mistral
Jegudiel,,f,mistral
Jehoel,,f,mistral
Jequn,,f,mistral
Jerahmeel,,f,mistral
Jophiel,,f,mistral
Kadkadael,,f,mistral
Kalkail,,f,mistral
Kasbeel,,f,mistral
Kepharel,,f,mistral
Kerubiel,,f,mistral
Kokabiel,,f,mistral
Kolazonta,,f,mistral
Kundaliel,,f,mistral
Kushiel,,f,mistral
Lailah,,f,mistral
Laviah,,f,mistral
Lecabel,,f,mistral
Lehahiah,,f,mistral
Leliel,,f,mistral
Levuiah,,f,mistral
Lilin,,f,mistral
Lilith,,f,mistral
Loviah,,f,mistral
Machidiel,,f,mistral
Macroprosopus,,f,mistral
Mahasiah,,f,mistral
Malakbel,,f,mistral
Malik,,f,mistral
Manadel,,f,mistral
Manakel,,f,mistral
Marfeil,,f,mistral
Marut,,f,mistral
Mastema,,f,mistral
Matarael,,f,mistral
Matriel,,f,mistral
Mebahel,,f,mistral
Mebahiah,,f,mistral
Mehiel,,f,mistral
Melahel,,f,mistral
Metatron,,f,mistral
Michael,,f,mistral
Mihael,,f,mistral
Mikael,,f,mistral
Mitzrael,,f,mistral
Mizrael,,f,mistral
Moroni,,f,mistral
Mumiah,,f,mistral
Munkar,,f,mistral
Muriel,,f,mistral
Nakir,,f,mistral
Nanael,,f,mistral
Nbat,,f,mistral
Nelchael,,f,mistral
Nemamiah,,f,mistral
Netzach,,f,mistral
Nidbai,,f,mistral
Nithael,,f,mistral
Nithhaiah,,f,mistral
Nsab,,f,mistral
Nuriel,,f,mistral
Omael,,f,mistral
Ophaniel,,f,mistral
Oroiael,,f,mistral
Pahaliah,,f,mistral
Penemue,,f,mistral
Phanuel,,f,mistral
Poiel,,f,mistral
Poteh,,f,mistral
Pravuil,,f,mistral
Ptahil,,f,mistral
Puriel,,f,mistral
Radueriel,,f,mistral
Raguel,,f,mistral
Ramiel,,f,mistral
Raphael,,f,mistral
Raziel,,f,mistral
Rehael,,f,mistral
Reiaiel,,f,mistral
Rikbiel,,f,mistral
Rochel,,f,mistral
Sabriel,,f,mistral
Sachiel,,f,mistral
Sahaquiel,,f,mistral
Samael,,f,mistral
Samyaza,,f,mistral
Sandalphon,,f,mistral
Sarathiel,,f,mistral
Sariel,,f,mistral
Sathariel,,f,mistral
Saureil,,f,mistral
Sealiah,,f,mistral
Seehiah,,f,mistral
Selaphiel,,f,mistral
Seraphiel,,f,mistral
Shamnail,,f,mistral
Shamshel,,f,mistral
Shamsiel,,f,mistral
Sheetil,,f,mistral
Shihlun,,f,mistral
Shilmai,,f,mistral
Sitael,,f,mistral
Tabris,,f,mistral
Tamiel,,f,mistral
Tarwan,,f,mistral
Temeluchus,,f,mistral
Turail,,f,mistral
Turiel,,f,mistral
Umabel,,f,mistral
Urfeil,,f,mistral
Uriel,,f,mistral
Uziel,,f,mistral
Vasariah,,f,mistral
Vasiariah,,f,mistral
Vehuel,,f,mistral
Vehuiah,,f,mistral
Verchiel,,f,mistral
Veualiah,,f,mistral
Yadathan,,f,mistral
Yarhibol,,f,mistral
Yomiel,,f,mistral
Yukabar,,f,mistral
Yurba,,f,mistral
Yushamin,,f,mistral
Zachariel,,f,mistral
Zadkiel,,f,mistral
Zagagel,,f,mistral
Zaphkiel,,f,mistral
Zaqiel,,f,mistral
Zebuleon,,f,mistral
Zephaniel,,f,mistral
Zephon,,f,mistral
Zeruel,,f,mistral
Zihrun,,f,mistral
Zotiel,,f,mistral
Zuriel,,f,mistral
One-who-serves-behind-the-throne,,l,mistral
The-flames-which-dance-around-the-throne-of-god,,l,mistral
Aneda,,l,mistral
Angel-of-the-stars,,l,mistral
Arkwright,,l,mistral
Bandler,,l,mistral
Barebones,,l,mistral
Barley,,l,mistral
Basumatary,,l,mistral
Beauty-of-god,,l,mistral
Beloved,,l,mistral
Benediction-of-god,,l,mistral
Bijl,,l,mistral
Bitter-star,,l,mistral
Bolt,,l,mistral
Bondar,,l,mistral
Borozan,,l,mistral
Brazier,,l,mistral
Buckler,,l,mistral
Burdock,,l,mistral
Calderone,,l,mistral
Carder,,l,mistral
Care-taking-one,,l,mistral
Carnera,,l,mistral
Cedars,,l,mistral
Chaparral,,l,mistral
Charbonnier,,l,mistral
Chayat,,l,mistral
Cherish-life,,l,mistral
Chervil,,l,mistral
Chive,,l,mistral
Cioban,,l,mistral
Cloud-of-god,,l,mistral
Clove,,l,mistral
Cress,,l,mistral
Curse-of-god,,l,mistral
Cutler,,l,mistral
Cypress,,l,mistral
Dawn,,l,mistral
Dawn-bringer,,l,mistral
Dawn-of-god,,l,mistral
Day-of-god,,l,mistral
Day-star,,l,mistral
Dazzling-radiance,,l,mistral
Destroyer,,l,mistral
Earth-of-god,,l,mistral
Exalter-of-god,,l,mistral
Fear-of-god,,l,mistral
Fennel,,l,mistral
Flaming-light-of-god,,l,mistral
Flax,,l,mistral
Flock-of-god,,l,mistral
Forbearance-of-god,,l,mistral
Fullness-of-god,,l,mistral
Galangal,,l,mistral
Gardener,,l,mistral
God-has-blessed,,l,mistral
God-has-judged,,l,mistral
God-is-beautiful,,l,mistral
God-is-favorable,,l,mistral
God-is-forbearing,,l,mistral
God-is-gracious,,l,mistral
God-is-hidden,,l,mistral
God-is-joyous,,l,mistral
God-is-majestic,,l,mistral
God-is-my-fire,,l,mistral
God-is-my-grace,,l,mistral
God-is-my-judge,,l,mistral
God-is-my-leap,,l,mistral
God-is-my-light,,l,mistral
God-is-my-mystery,,l,mistral
God-is-my-power,,l,mistral
God-is-my-rock,,l,mistral
God-is-my-ruler,,l,mistral
God-is-my-sun,,l,mistral
God-is-my-watchman,,l,mistral
God-is-my-wrath,,l,mistral
God-is-powerful,,l,mistral
God's-cloud,,l,mistral
God-shall-have-mercy,,l,mistral
God's-redeemer,,l,mistral
God's-shooting-star,,l,mistral
God's-star,,l,mistral
Good,,l,mistral
Grace-of-god,,l,mistral
Greenearth,,l,mistral
Harrower,,l,mistral
Healing,,l,mistral
He-has-seen,,l,mistral
Help-from-god,,l,mistral
Help-of-god,,l,mistral
Hemlock,,l,mistral
He-shall-rise,,l,mistral
He-who-despairs,,l,mistral
He-who-laments,,l,mistral
Hidden-by-god,,l,mistral
Holyoak,,l,mistral
Humble,,l,mistral
I-have-asked-god,,l,mistral
I-have-seen,,l,mistral
In-the-shadow-of-god,,l,mistral
Invocation-of-god,,l,mistral
Joy-of-god,,l,mistral
Juniper,,l,mistral
Keeper-of-the-watch,,l,mistral
Knowledge-of-life,,l,mistral
Lament,,l,mistral
Larimer,,l,mistral
Laster,,l,mistral
Latimer,,l,mistral
Lightning-of-god,,l,mistral
Lively,,l,mistral
Livewell,,l,mistral
Mace,,l,mistral
Majesty-of-god,,l,mistral
Man-of-god,,l,mistral
Memory,,l,mistral
Moon-of-god,,l,mistral
Mountain-of-god,,l,mistral
Night,,l,mistral
Oath-of-god,,l,mistral
Orator-of-god,,l,mistral
Painter,,l,mistral
Pepper,,l,mistral
Petra,,l,mistral
Pine,,l,mistral
Pleasant,,l,mistral
Pleased-by-god,,l,mistral
Poplar,,l,mistral
Power-of-god,,l,mistral
Protected-by-god,,l,mistral
Psalm-of-earth,,l,mistral
Purity-of-god,,l,mistral
Quail,,l,mistral
Rain-of-god,,l,mistral
Recompense-of-god,,l,mistral
Reverence-of-god,,l,mistral
Reward-of-god,,l,mistral
Rite-of-earth,,l,mistral
Rock-of-god,,l,mistral
Rod-of-god,,l,mistral
Roper,,l,mistral
Rye,,l,mistral
Sage,,l,mistral
Salter,,l,mistral
Savory,,l,mistral
Seekwisdom,,l,mistral
Seraph-of-god,,l,mistral
Shining-one,,l,mistral
Shire,,l,mistral
Shooting-star-of-god,,l,mistral
Shriver,,l,mistral
Silence,,l,mistral
Sixsmith,,l,mistral
Smallhope,,l,mistral
Soper,,l,mistral
Sorghum,,l,mistral
Sorrel,,l,mistral
Spruce,,l,mistral
Storm-of-god,,l,mistral
Strength-of-god,,l,mistral
Stringer,,l,mistral
Sumac,,l,mistral
Summerblue,,l,mistral
Tarragon,,l,mistral
Teff,,l,mistral
The-helper-of-god,,l,mistral
Threadgold,,l,mistral
Thyme,,l,mistral
To-guard-and-protect,,l,mistral
Treasure-of-life,,l,mistral
Wintergreen,,l,mistral
Wisdom-of-god,,l,mistral
World-of-distortion,,l,mistral
